ModelFile;PositionX;PositionY;PositionZ;RotationX;RotationY;RotationZ;RotationW;ScaleFactor;ModelId;Type;FileDataID
..\..\world\expansion06\doodads\fx\7fx_environment_fogmedium.obj;19276.298828125;319.1289367675781;16096.3291015625;6.561214923858643;20;-0.1046229675412178;0;4.6591796875;27542255;m2;1141737
..\..\world\expansion07\doodads\7xp_waterfall_top_2903219.obj;19111.701171875;544.1550903320312;16011.0654296875;0;19.5;0;0;2.009765625;27230554;m2;2903219
..\..\world\expansion05\doodads\fx\6fx_waterfall_mist01.obj;19111.75390625;544.6740112304688;16003.771484375;0;342;0;0;1.5;27705361;m2;1028937
..\..\world\expansion05\doodads\fx\6fx_waterfall_mist01.obj;19224.1171875;519.3382568359375;15994.8603515625;0;342;0;0;1.5;27705550;m2;1028937
..\..\world\expansion05\doodads\ashran\6as_rock_a01.obj;19105.6875;540.1902465820312;15999.888671875;0;49;0;0;4.7294921875;27705672;m2;1020898
..\..\world\expansion05\doodads\ashran\6as_rock_a01.obj;19112.009765625;542.9225463867188;15997.1455078125;0;198;0;0;4.7294921875;27705546;m2;1020898
..\..\world\expansion05\doodads\ashran\6as_rock_a02.obj;19106.890625;543.958251953125;15994.416015625;0;359.5;0;0;4.359375;27705210;m2;1020897
..\..\world\expansion06\doodads\suramar\7sr_citytile_a01.obj;18960.501953125;844.4353637695312;15775.677734375;0;165;0;0;1;24939101;m2;1311761
..\..\world\wmo\autogen-names\unknown\13495_set0.obj;18671.91796875;181.43551635742188;16220.7041015625;0;36.000030517578125;0;0;1;25364592;wmo;